date,industry,dealSize,strategy,title,description,solution,outcome,createdAt,updatedAt,expectedInquiry
2023-01-05T09:30:00.000Z,製造業,2000万円,コンサルティング型営業,大手製造業向けコンサルティング案件,顧客の製造ラインの非効率性を特定し、自社のコンサルティングサービスで生産性向上を提案。当初は価格面での懸念があったが、ROI試算を具体的に提示して成約。,具体的なROI計算書を作成し、3ヶ月・6ヶ月・1年後の効果をシミュレーション。トップマネジメントだけでなく現場責任者へのプレゼンも実施。,初年度で投資回収に成功し、追加の工場へも展開が決定。保守契約も同時に締結。,2023-01-05T09:30:00.000Z,2023-01-05T09:30:00.000Z,製造業の大型案件でROIを具体的に示したい
2023-01-15T14:15:00.000Z,金融,1500万円,ソリューション提案型,地方銀行向けDX推進ソリューション,顧客が抱える業務効率化の課題を深掘りし、具体的な業務フローの改善点を指摘。競合との差別化ポイントとして、導入後のサポート体制と段階的な展開プランを提案。,段階的な導入計画と明確なKPI設定。競合より高額だったが、導入後の運用コスト削減効果を数値で提示。,予算内での契約に成功し、他部門への横展開も検討中。顧客満足度調査で高評価を獲得。,2023-01-15T14:15:00.000Z,2023-01-15T14:15:00.000Z,予算超過でも契約できる提案方法を知りたい
2023-02-10T14:00:00.000Z,小売,800万円,顧客体験重視型,大手小売チェーン向け顧客分析システム,顧客のロイヤルティプログラムデータを活用した購買行動分析を提案。実店舗とオンラインの顧客行動の統合分析によるクロスセル機会の創出を提示。,無料の試験導入期間を設定し、実際の顧客データを用いた効果検証を実施。半年間のROIを明確に提示。,導入後3ヶ月で購買単価が12%向上。次期システム更新時の優先ベンダーとして指名を獲得。,2023-02-10T14:00:00.000Z,2023-02-10T14:00:00.000Z,新規顧客の信頼を得る効果的な方法を知りたい
2023-02-25T11:20:00.000Z,IT,1200万円,技術差別化型,SaaS企業向けセキュリティソリューション,クラウドサービス提供企業のセキュリティ課題を特定し、競合他社にない技術的優位性を強調。デモンストレーションで実際の脆弱性を指摘し、解決策を提示。,技術責任者向けと経営層向けの2種類のプレゼン資料を用意。技術的詳細と経営インパクトを別々に訴求。,セキュリティ対策強化による事業リスク低減を評価され、次年度以降の継続契約も確約された。,2023-02-25T11:20:00.000Z,2023-02-25T11:20:00.000Z,技術的な優位性を非技術者にも伝えたい
2023-03-08T08:45:00.000Z,医療,3000万円,課題解決型,大学病院向け医療データ管理システム,患者データの管理効率化と医療スタッフの業務負担軽減を主眼に提案。実際の業務フローを詳細に分析し、削減可能な工数を具体的に提示。,医療現場の実務者との複数回のヒアリングを実施。現場のニーズを反映したカスタマイズ提案と段階的な導入計画。,初期導入部門での成功を受け、全診療科への展開が決定。医療スタッフの残業時間が平均30%削減された。,2023-03-08T08:45:00.000Z,2023-03-08T08:45:00.000Z,専門性の高い業界での信頼構築方法を知りたい
2023-03-15T10:45:00.000Z,建設,1800万円,コスト削減型,建設会社向け工程管理システム,建設プロジェクトの遅延リスクと資材管理の非効率性に焦点を当て、導入によるコスト削減効果を数値化して提案。現場監督の負担軽減も強調。,実際の進行中プロジェクトデータを用いたシミュレーション。異なる規模のプロジェクトでのROI計算書を作成。,年間のプロジェクト遅延率が15%減少し、資材廃棄コストも8%削減。現場からの評価も高く、導入範囲の拡大が決定。,2023-03-15T10:45:00.000Z,2023-03-15T10:45:00.000Z,現場レベルと経営層の両方を納得させる提案をしたい
2023-04-01T16:30:00.000Z,教育,500万円,パートナーシップ型,私立大学向け学生支援システム,学生の学習進捗管理と中退リスク早期発見のシステムを提案。導入による学生満足度向上と中退率低下の効果を他校の事例を用いて説明。,先行導入校へのオンライン視察を企画。実際の運用状況と効果を顧客自身の目で確認できる機会を提供。,導入初年度で中退率が5%低下。学生サポート体制の充実として広報活動にも活用され、志願者増加にも貢献。,2023-04-01T16:30:00.000Z,2023-04-01T16:30:00.000Z,成功事例を効果的に活用する方法を知りたい
2023-04-10T13:25:00.000Z,物流,2500万円,効率化提案型,物流企業向け配送最適化システム,配送ルート最適化による燃料コスト削減と配送キャパシティ拡大を提案。実際の配送データを用いたシミュレーションで効果を可視化。,一部エリアでの試験導入を提案し、効果を検証。財務部門向けにTCO（総所有コスト）分析資料を作成。,燃料コストが年間15%削減され、同じリソースで10%多い配送件数を処理可能に。環境負荷低減効果もPR材料となった。,2023-04-10T13:25:00.000Z,2023-04-10T15:40:00.000Z,TCOでの説得力ある提案方法について知りたい
2023-04-18T13:45:00.000Z,不動産,1000万円,データ活用型,不動産管理会社向け物件管理システム,物件管理の効率化と入居者満足度向上を両立するシステムを提案。特に保守管理コスト削減と空室率低下の効果を強調。,実際の物件データを用いた分析レポートを無償提供。現状の課題を可視化し、システム導入後の改善効果を予測。,物件管理コストが12%削減され、入居者からのクレーム対応時間も短縮。顧客満足度向上により契約更新率が向上。,2023-04-18T13:45:00.000Z,2023-04-18T13:45:00.000Z,無償サービスを活用した信頼構築方法を知りたい
2023-05-05T15:30:00.000Z,飲食,600万円,ブランド構築型,飲食チェーン向け顧客管理システム,顧客データの統合管理によるパーソナライズマーケティングの実現を提案。競合チェーンとの差別化とリピート率向上の効果を強調。,一店舗での試験導入と効果測定。マーケティング担当者向けの操作トレーニングと成功事例集の提供。,顧客のリピート率が20%向上し、客単価も8%増加。全店舗展開が決定し、追加のマーケティング分析サービスも契約。,2023-05-05T15:30:00.000Z,2023-05-05T15:30:00.000Z,小規模導入から全社展開につなげる方法を知りたい
